alert_id,rule_code,severity,entity_id,subject,detected_at,status
ALT-20260702-00001,R-TGT-01,info,NSW,dwell-target,2026-07-01T23:00:00Z,resolved
ALT-20260705-00001,R-ONB-01,medium,NESREA,onboarding:NESREA,2026-07-04T23:00:00Z,resolved
ALT-20260707-00001,R-SLA-01,high,NESREA,NESREA:S02,2026-07-07T17:00:00Z,resolved
ALT-20260709-00001,R-ONB-01,medium,NAQS,onboarding:NAQS,2026-07-09T05:00:00Z,resolved
ALT-20260721-00001,R-DQ-01,medium,NAQS,completeness:NAQS,2026-07-21T17:00:00Z,resolved
ALT-20260812-00001,R-PHYS-01,high,NCS,exam-wait:NGAPP,2026-08-12T05:00:00Z,resolved
ALT-20260815-00001,R-PHYS-01,high,NCS,exam-wait:NGTIN,2026-08-15T17:00:00Z,resolved
ALT-20260824-00001,R-SLA-01,high,NAFDAC,NAFDAC:S02,2026-08-24T17:00:00Z,resolved
ALT-20260903-00001,R-FX-01,info,CBN,fx-move:2026-09-03,2026-09-02T23:00:00Z,resolved
ALT-20260910-00001,R-FEE-01,high,NCS,NCS-DUTY:Electronics:CN,2026-09-10T11:00:00Z,resolved
ALT-20260913-00001,R-REM-01,high,SON,REM-SON-202608-001,2026-09-13T17:00:00Z,open
ALT-20260919-00001,R-REC-01,medium,CBN,paid-not-settled:Bank C,2026-09-19T05:00:00Z,resolved
ALT-20260919-00002,R-SET-01,medium,CBN,settlement-lag:Bank C,2026-09-19T17:00:00Z,resolved
ALT-20260928-00001,R-DQ-01,medium,FAAN,completeness:FAAN,2026-09-28T05:00:00Z,open
ALT-20261002-00001,R-DUP-01,medium,NSW,duplicate-payments,2026-10-02T11:00:00Z,open
ALT-20261005-00001,R-TGT-01,info,NSW,dwell-target,2026-10-05T17:38:25Z,open
