period,digital_h,physical_h,n,digital_share,physical_share
2026-07-01,63204.286755082496,86582.77087339447,437,0.4219609341138852,0.5780390658861148
2026-07-02,61386.11290218436,89031.23266631634,424,0.40810527981448036,0.5918947201855196
2026-07-03,61320.011656820985,91021.56870724393,417,0.4025165782728446,0.5974834217271554
2026-07-04,58780.2174051173,86461.17077700276,423,0.40470707517207166,0.5952929248279284
2026-07-05,66961.45635463756,101692.84306604658,465,0.3970337938887151,0.6029662061112848
2026-07-06,52853.29194853332,89386.98850627629,375,0.3715775290904678,0.6284224709095322
2026-07-07,52575.3161057353,94439.17817215959,376,0.35761995008706104,0.642380049912939
2026-07-08,69698.54869493346,105409.31254170755,485,0.3980320940631143,0.6019679059368856
2026-07-09,60151.56139532045,92816.05970318004,439,0.3932306782530601,0.6067693217469399
2026-07-10,62409.010786696235,99016.46041229082,456,0.3866119164661782,0.6133880835338218
2026-07-11,61120.80033493675,99817.03447300158,445,0.3797789401595823,0.6202210598404176
2026-07-12,58915.35241377682,90070.06184970881,428,0.39544376008233306,0.6045562399176669
2026-07-13,56493.1468581607,90764.11952241565,410,0.3836357162311978,0.6163642837688021
2026-07-14,55060.558019714364,94526.81455519394,397,0.3680829275354903,0.6319170724645097
2026-07-15,64627.03834996157,98649.20093805782,479,0.39581410394907146,0.6041858960509285
2026-07-16,59396.85475252628,95577.43603195254,438,0.3832690858068122,0.6167309141931878
2026-07-17,61809.59835882526,94515.06717858417,462,0.3953924874640711,0.6046075125359289
2026-07-18,61191.73559688725,98536.54939488202,458,0.383098933291874,0.6169010667081261
2026-07-19,56907.68172916714,99102.28926694929,440,0.3647695167546935,0.6352304832453065
2026-07-20,54756.35008117743,99699.08363919884,427,0.35451229369053777,0.6454877063094622
2026-07-21,61817.34645997986,111470.8162715206,473,0.35673150136493803,0.643268498635062
2026-07-22,63279.99287006381,105123.20877458746,480,0.3757647850638336,0.6242352149361664
2026-07-23,59675.18270843243,101945.24996885874,482,0.3692304352852857,0.6307695647147142
2026-07-24,63455.5338933187,110731.39965360261,492,0.3642956024380869,0.6357043975619131
2026-07-25,58024.8659055677,98222.15961420212,457,0.3713662113729381,0.6286337886270619
2026-07-26,58890.99775630472,100664.47371840528,470,0.36909419158113366,0.6309058084188663
2026-07-27,53524.599917047184,102360.95711500282,441,0.3433583003847018,0.6566416996152982
2026-07-28,52018.44396417049,95408.92159213584,419,0.3528411687198148,0.6471588312801853
2026-07-29,61125.94362528827,102817.67014537912,496,0.37284736025640086,0.6271526397435991
2026-07-30,63630.95547020385,112473.13473775123,525,0.3613258238071831,0.638674176192817
2026-07-31,52504.58981943093,95394.66555937553,434,0.35500239460268906,0.644997605397311
2026-08-01,56905.217783265725,102065.08413563589,469,0.35796131161841666,0.6420386883815834
2026-08-02,56592.219737178435,106296.26380053838,478,0.347429225860983,0.652570774139017
2026-08-03,53792.77865548963,101725.22224426254,453,0.3458942266764654,0.6541057733235346
2026-08-04,56909.36018453657,117999.66985378868,499,0.3253654781120612,0.6746345218879388
2026-08-05,62294.79331875292,116087.36755000321,528,0.3492209816013275,0.6507790183986726
2026-08-06,58609.15957792462,105996.43530849373,504,0.3560581255963158,0.6439418744036842
2026-08-07,55523.12113257255,104784.04140983071,497,0.34635458735592045,0.6536454126440796
2026-08-08,54954.770815383665,107470.63128560549,491,0.33833852405189146,0.6616614759481085
2026-08-09,52015.09295624171,99404.02255424918,467,0.34351734773300735,0.6564826522669927
2026-08-10,48919.34078296517,99220.84751467357,447,0.3302232928493241,0.6697767071506759
2026-08-11,51874.90247010859,104863.05861425104,465,0.33096578589655407,0.669034214103446
2026-08-12,60579.6724162141,118270.76650221302,562,0.33871693456589286,0.6612830654341071
2026-08-13,46599.9722117588,86153.46700129106,426,0.35102647801819026,0.6489735219818098
2026-08-14,51061.43184923594,103063.0495262577,479,0.33129994270562974,0.6687000572943702
2026-08-15,47808.7866873138,101773.77773154894,454,0.31961470157336724,0.6803852984266328
2026-08-16,53203.124413509984,104619.01608482187,506,0.3371081157910941,0.6628918842089059
2026-08-17,50024.38377986275,111337.99717247582,475,0.3100126775808941,0.6899873224191059
2026-08-18,45629.69991535746,102058.8237328488,440,0.30895900905643353,0.6910409909435664
2026-08-19,53081.53607656742,101913.48392443625,512,0.3424725263832586,0.6575274736167414
2026-08-20,48227.14110513002,106588.08220348707,477,0.31151420431691923,0.6884857956830808
2026-08-21,45239.49028068185,91990.33730108349,444,0.32966222488129926,0.6703377751187007
2026-08-22,44862.28990806375,99198.04285166439,468,0.3114132047916867,0.6885867952083133
2026-08-23,47866.06143936478,102927.90706152128,490,0.317426896547812,0.682573103452188
2026-08-24,42374.46443895997,98661.92681109846,452,0.3004505721068102,0.6995494278931897
2026-08-25,41831.730740614956,99862.53855242103,436,0.2952252829230752,0.7047747170769247
2026-08-26,48603.583413663815,101884.16835766604,491,0.32297368285173306,0.6770263171482669
2026-08-27,48082.59112714007,99145.83437369703,489,0.3265849713706725,0.6734150286293275
2026-08-28,37858.775011927806,91603.77139417798,397,0.29243032879308706,0.7075696712069129
2026-08-29,41391.92748826923,90237.22826532632,439,0.314458656604569,0.6855413433954309
2026-08-30,41376.995275115456,93930.88424980688,432,0.305798859758897,0.694201140241103
2026-08-31,39996.84466998455,99704.45718781251,445,0.2863025908713264,0.7136974091286736
2026-09-01,43043.106046432236,107452.07698949256,467,0.28600985877506385,0.7139901412249361
2026-09-02,43598.952250986746,97970.85771861322,468,0.30796786589138586,0.6920321341086142
2026-09-03,44979.82081337488,104625.36024458139,480,0.30065683885606825,0.6993431611439318
2026-09-04,40357.90781053233,91691.01026429945,434,0.30562846253432846,0.6943715374656716
2026-09-05,38205.26174685661,93804.7614626968,433,0.2894118250870191,0.7105881749129809
2026-09-06,41306.02867450672,99677.79107569333,455,0.2929841789482946,0.7070158210517055
2026-09-07,41187.780385657265,104027.52419696139,466,0.2836325035025763,0.7163674964974237
2026-09-08,37208.02403855708,92416.42786135919,427,0.2870447935801927,0.7129552064198073
2026-09-09,41822.72073908283,103668.69318359451,472,0.2874583428085308,0.7125416571914692
2026-09-10,39349.24956544042,95794.09907781846,450,0.29116674968082645,0.7088332503191735
2026-09-11,40733.123561265864,101780.06904483975,484,0.28582002000227985,0.7141799799977202
2026-09-12,36531.57895536196,94105.64810742333,468,0.27964141444769486,0.7203585855523051
2026-09-13,35534.18690527853,94452.2959692921,455,0.27336832353227797,0.7266316764677221
2026-09-14,33627.99058082675,89393.09394609438,437,0.27335143979703597,0.726648560202964
2026-09-15,34743.44890528746,96149.22228374294,465,0.2654346388508815,0.7345653611491185
2026-09-16,39744.10970960408,108422.62116728224,523,0.26823909439311305,0.731760905606887
2026-09-17,36770.74918874475,101068.2395890535,489,0.26676595290480987,0.7332340470951901
2026-09-18,35924.56654995104,100258.18728093228,485,0.26379674033147743,0.7362032596685226
2026-09-19,35202.025421946324,95495.80918156031,496,0.2693390103113602,0.7306609896886398
2026-09-20,37835.462697240415,110395.60361069223,552,0.25524651235147755,0.7447534876485224
2026-09-21,33250.42350842967,98335.55081897126,468,0.2526897237976049,0.7473102762023951
2026-09-22,31658.353558006696,94536.13703730471,452,0.2508695380334054,0.7491304619665946
2026-09-23,33217.43265528066,98140.94279381729,479,0.252876396664578,0.747123603335422
2026-09-24,29436.776892608643,91146.03582581435,436,0.24412083471089246,0.7558791652891075
2026-09-25,29967.40566085647,96881.01641234495,457,0.23624578982593053,0.7637542101740695
2026-09-26,30164.176705068883,96827.13578015842,474,0.2375294507533957,0.7624705492466043
2026-09-27,30269.78006925935,99136.08445518982,489,0.2339135106472733,0.7660864893527267
2026-09-28,27445.77372483546,98066.55305442703,465,0.21866994604525275,0.7813300539547472
2026-09-29,29314.15476648029,100020.55148065132,467,0.2266534298262298,0.7733465701737702
2026-09-30,27715.88042313518,93834.96074982772,454,0.22801882862905393,0.7719811713709461
2026-10-01,28988.47891030199,103080.44597544413,470,0.21949507755424036,0.7805049224457596
2026-10-02,24809.623219304885,88935.5899489493,424,0.21811575650753756,0.7818842434924624
2026-10-03,24908.939442224957,91592.54075965137,448,0.21380792243207725,0.7861920775679228
2026-10-04,24508.47190963081,91737.79728263829,462,0.21083233104964658,0.7891676689503534
2026-10-05,19172.935102038427,73873.84738291308,361,0.20605693813366702,0.793943061866333
