entity,assessed,paid,settled,collection_cost,in_transit,outstanding,remitted,expenses
NCS,148753824962.42,149260848836.9,150222237261.49,998053921.11,1376746432.5,662698930.24,115962367637.7,12213817558.98
NRS,86268150631.77,86560500461.88,87124756303.85,543543458.35,803647669.45,383710011.12,68014765214.25,6083460613.03
NPA,28700375923.12,28800451892.86,28976738820.53,251361661.95,270412193.51,129870460.07,322341097.21,25691431570.95
FAAN,5548015580.38,5578475859.46,5620704487.73,41903297.44,35794636.03,20679313.64,0.0,5915608110.66
NIMASA,5026179906.63,5186210151.79,5214032400.84,38871489.46,50784328.14,129311579.87,1341745634.16,4036611011.18
NAFDAC,4615231752.32,4741385976.98,4755810595.26,44159727.01,41997505.56,42170247.18,1236956780.84,4126618074.38
SON,4097816132.51,4192455592.55,4205872116.04,36484264.44,38176509.21,37183213.41,1077185107.94,3252011742.66
NSW,2000369311.76,2023519885.24,2040301234.26,11902783.21,17435648.64,11549139.79,0.0,2106612370.14
NAQS,1458966419.48,1504826560.17,1511020292.32,14030467.05,15793838.82,12244642.07,445664061.95,1460079148.66
NESREA,687707682.29,702110330.18,704196346.12,6467036.82,6187040.21,7901967.01,174915815.02,665889249.59
