id,need,headline_fact,numbers,evidence_query,trace_ref,chart,score
S01,speed,Weekly median dwell fell from 14.2 days to 11.0 days between the first and last complete weeks.,"{""first_week_median_days"": ""14.2"", ""last_week_median_days"": ""11.0"", ""change_percent"": ""-22.5%""}",clearance.weekly_dwell (consignments by gate-out week),,C1,0.95
S02,speed,The digital share of total time fell from 42.2% to 36.8%.,"{""digital_share_first_week"": ""42.2%"", ""digital_share_last_week"": ""36.8%""}",clearance.digital_physical,,C2,0.9
S03,speed,"Counter-intuitive: digital time per consignment fell 4% (from 145 to 139 hours) while physical time fell only -20% (from 198 to 238 hours), so physical stages now dominate.","{""digital_hours_first"": ""145 hours"", ""digital_hours_last"": ""139 hours"", ""digital_fall_percent"": ""4%"", ""physical_hours_first"": ""198 hours"", ""physical_hours_last"": ""238 hours"", ""physical_fall_percent"": ""-20%""}",clearance.digital_physical per-consignment hours,,C2,0.95
S04,speed,"Truck call-up & evacuation is the largest source of delay: 104 hours per consignment, 39% of total time, and it is outside the NSW's control.","{""stage"": ""Truck call-up & evacuation"", ""mean_hours_per_consignment"": ""104 hours"", ""share_of_total_time"": ""39%""}",clearance.bottlenecks (last four weeks),,C3,0.85
S05,speed,Stage medians: Truck call-up & evacuation 99 hours; Terminal charges & gate pass 57 hours; Examination 51 hours.,"{""S09_median_hours"": ""99 hours"", ""S08_median_hours"": ""57 hours"", ""S06_median_hours"": ""51 hours""}",clearance.stage_summary,,C3,0.6
S06,speed,"During the Apapa scanner outage the planned exam wait rose from 72 to 170 hours (2.4 times), detected at 12 Aug 06:00 WAT by alert ALT-20260812-00001; about 1378 consignment-days of extra waiting accrued.","{""exam_wait_before_hours"": ""72 hours"", ""exam_wait_during_hours"": ""170 hours"", ""ratio"": ""2.4 times"", ""detected_at"": ""12 Aug 06:00"", ""alert"": ""ALT-20260812-00001"", ""excess_consignment_days"": ""1378 days""}",stage_events S06 queued rows at NGAPP; alerts R-PHYS-01,ALT-20260812-00001,C4,0.9
S07,speed,On the current trend median dwell reaches 7 days around 2026-12-18 (status: on track); the trend slope is -0.33 days per week.,"{""projected_date"": ""2026-12-18"", ""status"": ""on track"", ""slope_days_per_week"": ""-0.33"", ""target_days"": ""7""}",forecast.project_to_target,,C1,0.85
S08,speed,Illustrative cost of dwell beyond 7 days over the last four weeks: ₦8.70bn (assumptions editable; illustrative).,"{""illustrative_cost_of_excess_dwell"": ""\u20a68.70bn"", ""mean_excess_days"": ""4.9 days""}",clearance.cost_of_delay,,,0.7
S09,speed,Predictability: over the last four weeks median dwell was 11.2 days and p90 18.0 days.,"{""p50_days"": ""11.2"", ""p90_days"": ""18.0""}",clearance.dwell_table,,,0.6
S10,speed,Against published benchmarks (verify before quoting): current median dwell 11.0 days vs target under 7 days and a global benchmark of about 4 days.,"{""current_median_days"": ""11.0"", ""target_days"": ""7"", ""global_benchmark_days"": ""4""}",published figures + clearance.weekly_dwell,,C1,0.55
S11,speed,"During the NAFDAC permit backlog, planned approval time rose from 32 to 57 hours and the SLA alert ALT-20260824-00001 was raised on 24 Aug.","{""approval_hours_before"": ""32 hours"", ""approval_hours_during"": ""57 hours"", ""alert"": ""ALT-20260824-00001""}",stage_events S02 queued rows (NAFDAC); alerts R-SLA-01,ALT-20260824-00001,,0.7
S12,speed,Independence Day (1 October) saw 84 manifests against 358 on the neighbouring weekdays.,"{""manifests_1_oct"": ""84"", ""manifests_neighbouring_weekday_average"": ""358""}",consignments by manifest day,,,0.4
T01,trust,"Since 1 July the NSW channel assessed ₦287.16bn, collected ₦285.72bn, settled ₦283.06bn to agencies and recorded ₦140.80bn remitted to the Treasury.","{""assessed"": ""\u20a6287.16bn"", ""paid"": ""\u20a6285.72bn"", ""settled_gross"": ""\u20a6283.06bn"", ""remitted"": ""\u20a6140.80bn""}",reconcile.four_way,,C5,0.95
T02,trust,Collection efficiency was 98.6% and the cost of collection 0.68 naira per ₦100 collected.,"{""collection_efficiency"": ""98.6%"", ""cost_per_100"": ""\u20a60.68""}",reconcile.four_way,,C5,0.7
T03,trust,"₦2.66bn is in transit (paid, not yet settled) across 6 banks; this is timing, not error.","{""in_transit_total"": ""\u20a62.66bn"", ""banks"": ""6""}",reconcile.in_transit_by_bank,,,0.6
T04,trust,Revenue assurance caught an under-assessment cluster: NCS duty on Electronics from CN was assessed 12.1% below expectation (about ₦24.2m over 6 days); alert ALT-20260910-00001 fired on 10 Sep.,"{""shortfall_percent"": ""12.1%"", ""shortfall"": ""\u20a624.2m"", ""alert"": ""ALT-20260910-00001"", ""assessments"": ""114""}","reconcile.leakage_heatmap (NCS-DUTY, 8-13 Sep); alerts R-FEE-01",ALT-20260910-00001,C6,0.95
T05,supervision,A burst of 14 duplicate payments worth ₦63.2m on 2 October was flagged by alert ALT-20261002-00001 at 12:00 WAT.,"{""duplicates"": ""14"", ""value"": ""\u20a663.2m"", ""alert"": ""ALT-20261002-00001""}",payments is_duplicate; alerts R-DUP-01,ALT-20261002-00001,,0.8
T06,supervision,Bank C settlement lag rose from 24 to 74 hours (T+3); alert ALT-20260919-00002 was raised on 19 Sep 18:00 WAT.,"{""lag_before_hours"": ""24 hours"", ""lag_during_hours"": ""74 hours"", ""alert"": ""ALT-20260919-00002""}",settlement_batches Bank C; alerts R-SET-01,ALT-20260919-00002,C7,0.85
T07,supervision,"One regulator remitted 9 days late (₦418.4m); alert ALT-20260913-00001 was raised on 13 Sep, three days after the due date.","{""days_late"": ""9"", ""amount"": ""\u20a6418.4m"", ""alert"": ""ALT-20260913-00001""}",remittances; alerts R-REM-01,ALT-20260913-00001,,0.8
T08,trust,A two-day data gap at one operator cut record completeness from 98% to 55% and was flagged the same day (alert R-DQ-01).,"{""completeness_normal"": ""98%"", ""completeness_gap"": ""55%""}",quality.completeness_trend (FAAN); alerts R-DQ-01,,C8,0.85
T09,trust,"All 990,908 journal entries balance (0 unbalanced) and the consolidated balance sheet balances at ₦433.14bn of assets.","{""journal_entries"": ""990,908"", ""unbalanced_entries"": ""0"", ""consolidated_assets"": ""\u20a6433.14bn""}",journal_lines integrity query; statements.position('ALL'),,,0.9
T10,trust,"Trace in seconds: consignment NSW-202609-NGONN-0000911 was charged by 6 agencies (NCS, NIMASA, NPA, NRS, NSW, SON) totalling ₦2.8m; a statement line traces to journal entries and source documents with totals tying out at every level (L1 = L2: True).","{""consignment"": ""NSW-202609-NGONN-0000911"", ""agencies"": ""6"", ""total_assessed"": ""\u20a62.8m"", ""ties_out_l1_l2"": ""True"", ""entries_checked"": ""206""}","trace.consignment_trace, trace.tie_out",NSW-202609-NGONN-0000911,,0.9
T11,trust,"NCS accounts for 52% of collections; the top origin country, CN, supplies 28% of fees.","{""ncs_share_of_collections"": ""52%"", ""top_origin"": ""CN"", ""top_origin_share"": ""28%""}",queries.entity_mix; queries.aggregate by origin,,,0.5
T12,trust,Data confidence scores range from 83 to 99 across agencies.,"{""lowest_score"": ""83"", ""highest_score"": ""99""}",quality.scorecard,,,0.6
T13,supervision,16 alerts across 11 rules were raised and each scripted incident was detected.,"{""alerts"": ""16"", ""rules"": ""11""}",alerts table,,C9,0.7
T14,trust,"The assistant passed 100% of 62 golden questions against an independent oracle and 93% of 174 paraphrases, with every passing answer's numbers verified against tool outputs.","{""pass_rate"": ""100%"", ""questions"": ""62"", ""paraphrase_pass_rate"": ""93%"", ""paraphrases"": ""174""}",scripts/run_assistant_eval.py,,,0.85
T15,trust,203 of 243 generated profiles and plans came from the language model; the rest are deterministic fallbacks (warm-up weeks).,"{""model_generated"": ""203"", ""total_generated"": ""243""}",generation_runs,,,0.5
T16,supervision,Exception classes: mismatch 9343; duplicate 15; unpaid 345; settled_late 74; orphan_payment 14.,"{""exceptions_mismatch"": ""9343"", ""exceptions_duplicate"": ""15"", ""exceptions_unpaid"": ""345"", ""exceptions_settled_late"": ""74"", ""exceptions_orphan_payment"": ""14""}",reconcile.exception_summary,,,0.5
T17,trust,"The naira weakened 6.2% over five days in early September, raising the naira value of USD fees; alert R-FX-01 recorded it.","{""fx_move_percent"": ""6.2%""}",fx_rates; alerts R-FX-01,,,0.55
T18,trust,"The database holds 54,019 consignments and 2,726,230 ledger lines from the warm-up start to now.","{""consignments"": ""54,019"", ""stage_events"": ""525,776"", ""fee_assessments"": ""694,008"", ""payments"": ""54,265"", ""payment_allocations"": ""690,034"", ""settlements"": ""301,940"", ""journal_entries"": ""990,908"", ""journal_lines"": ""2,726,230"", ""live_events"": ""81,113"", ""alerts"": ""16""}",row counts,,,0.4
