entity,completeness,timeliness,consistency,punctuality,score,rag,digital_share,completeness_basis,events,settlement_lag_h,collection_cost_ratio
FAAN,0.9045709703287891,1.0,0.994131455399061,1.0,96.06546792113278,green,0.9526864474739375,stage records,1247,36.79953672976985,0.00739999989222488
NAFDAC,0.9809523809523809,0.9951456310679612,0.9831992427827734,0.3333333333333333,88.78072087044974,amber,0.9650793650793651,stage records,630,37.331108422696104,0.009199999967224091
NAQS,0.9644970414201184,0.9938650306748467,0.9834205933682374,0.6666666666666666,93.09491929104065,green,0.9644970414201184,stage records,169,37.50590219785535,0.009200000203024907
NCS,0.9810459462141511,0.9959538741654865,0.991811616315736,0.6666666666666666,93.97691702901793,green,0.9744963778902451,stage records,10077,36.963502034153855,0.006599999972172444
NESREA,0.9840848806366048,0.9946091644204852,0.9847528916929549,0.3333333333333333,88.92368216983542,amber,0.9151193633952255,stage records,377,37.018258896692856,0.009100000044711022
NIMASA,,1.0,0.9218784776318718,0.6666666666666666,93.43756955263743,green,,fee data only (no stage records),0,36.97733469834845,0.00739999906053552
NPA,0.9660749506903353,0.972029399755002,0.991595772106213,0.0,82.77564846361273,amber,0.9532544378698224,stage records,5070,36.99407100184051,0.00860000045622752
NRS,,1.0,0.9911211699164345,0.0,84.8224233983287,amber,,fee data only (no stage records),0,36.98538960087436,0.006200000009378605
NSW,0.9812154696132597,1.0,0.991266944734098,1.0,99.07395767921234,green,0.9565377532228361,stage records,2715,36.978150629245235,0.005799999682464004
SON,0.9705665930831494,0.9969673995451099,0.985653809971778,0.3333333333333333,88.4599249113893,amber,0.9617365710080942,stage records,1359,36.68315438652724,0.008599999404217691
