week,median_days,p90_days,mean_days,n
2026-06-29,14.228622477133243,21.971310625804794,14.743799460677263,2166
2026-07-06,14.774754382457447,22.087281498017134,15.10040747528655,3004
2026-07-13,14.340367782849956,21.67612530220383,14.688149731859111,3084
2026-07-20,14.350480810864655,21.378201755172125,14.575798299746248,3281
2026-07-27,13.857897064462303,21.065250767845523,14.21825397765182,3262
2026-08-03,13.37391031415926,20.912681680248294,13.903829442269243,3439
2026-08-10,13.130036046226268,20.279266420532156,13.452271311347708,3339
2026-08-17,12.81272522609681,19.985328315230156,13.24542847288445,3306
2026-08-24,12.482812852858117,19.57570986409568,12.97893308221575,3136
2026-08-31,12.547975396794026,19.550557439339105,12.916591202543772,3182
2026-09-07,11.78149730814,19.73139750729888,12.396692292467575,3222
2026-09-14,11.056033409522087,17.96570981273552,11.54423085428097,3447
2026-09-21,11.202640767431369,17.613563589860444,11.430712393408971,3255
2026-09-28,11.033208842022276,17.41286490988676,11.167186019429192,3190
2026-10-05,10.615571621184547,16.944983879533904,10.802681820966407,338
